01,自然2018-373,01:19
01,万象2018-365,02:16
01,时代2018-334,03:11
01,真相2018-312,03:38
01,人文地理2018-363,04:06
01,发现2018-315,04:35
01,特别呈现2018-387,05:05
01,时代2018-334,06:04
01,真相2018-312,06:33
01,自然2018-373,07:04
01,万象2018-365,07:59
01,特别呈现2018-387,08:55
01,发现2018-315,09:54
01,寰宇视野2018-352,10:26
01,寰宇视野2018-353,11:24
01,寰宇视野2018-354,12:27
01,寰宇视野2018-355,13:26
01,寰宇视野2018-356,14:26
01,自然2018-296,15:27
01,自然2018-297,16:27
01,人文地理2019-1,17:31
01,自然2019-1,18:04
01,万象2019-1,19:04
01,特别呈现2019-1 传承 第一季1,20:06
01,寰宇视野2019-1,21:08
01,时代2019-1,22:10
01,真相2019-1,22:43
01,发现2019-1,23:20
01,人文地理2019-1,23:54
02,自然2019-1,01:22
02,万象2019-1,02:16
02,时代2019-1,03:11
02,真相2019-1,03:38
02,人文地理2019-1,04:06
02,发现2019-1,04:35
02,特别呈现2019-1 传承 第一季1,05:05
02,时代2019-1,06:04
02,真相2019-1,06:33
02,自然2019-1,07:04
02,万象2019-1,07:59
02,时代2019-1,08:55
02,真相2019-1,09:22
02,特别呈现2019-1 传承 第一季1,09:52
02,寰宇视野2019-1,10:51
02,自然2019-1,11:50
02,万象2019-1,12:54
02,特别呈现2019-1 传承 第一季1,13:53
02,寰宇视野2019-1,14:53
02,特别呈现2019-1 传承 第一季1,15:54
02,发现2019-1,16:54
02,人文地理2019-2,17:30
02,自然2019-2,18:03
02,万象2019-2,19:03
02,特别呈现2019-2 传承 第一季2,20:05
02,寰宇视野2019-2,21:07
02,时代2019-2,22:09
02,真相2019-2,22:42
02,发现2019-2,23:19
02,人文地理2019-2,23:53
03,自然2019-2,01:22
03,万象2019-2,02:16
03,时代2019-2,03:11
03,真相2019-2,03:38
03,人文地理2019-2,04:06
03,发现2019-2,04:35
03,特别呈现2019-2 传承 第一季2,05:05
03,时代2019-2,06:04
03,真相2019-2,06:33
03,自然2019-2,07:04
03,万象2019-2,07:59
03,时代2019-2,08:55
03,真相2019-2,09:22
03,特别呈现2019-2 传承 第一季2,09:52
03,寰宇视野2019-2,10:51
03,自然2019-2,11:50
03,万象2019-2,12:54
03,特别呈现2019-2 传承 第一季2,13:53
03,寰宇视野2019-2,14:53
03,特别呈现2019-2 传承 第一季2,15:54
03,发现2019-2,16:54
03,人文地理2019-3,17:30
03,自然2019-3,18:03
03,万象2019-3,19:03
03,特别呈现2019-3 传承 第一季3,20:05
03,寰宇视野2019-3,21:07
03,时代2019-3,22:09
03,真相2019-3,22:42
03,发现2019-3,23:19
03,人文地理2019-3,23:53
04,自然2019-3,01:22
04,万象2019-3,02:16
04,时代2019-3,03:11
04,真相2019-3,03:38
04,人文地理2019-3,04:06
04,发现2019-3,04:35
04,特别呈现2019-3 传承 第一季3,05:05
04,时代2019-3,06:04
04,真相2019-3,06:33
04,自然2019-3,07:04
04,万象2019-3,07:59
04,时代2019-3,08:55
04,真相2019-3,09:22
04,特别呈现2019-3 传承 第一季3,09:52
04,寰宇视野2019-3,10:51
04,自然2019-3,11:50
04,万象2019-3,12:54
04,特别呈现2019-3 传承 第一季3,13:53
04,寰宇视野2019-3,14:53
04,特别呈现2019-3 传承 第一季3,15:54
04,发现2019-3,16:54
04,人文地理2019-4,17:30
04,自然2019-4,18:03
04,万象2019-4,19:03
04,特别呈现2019-4 传承 第一季4,20:05
04,寰宇视野2019-4,21:07
04,时代2019-4,22:09
04,真相2019-4,22:42
04,发现2019-4,23:19
04,人文地理2019-4,23:53
05,自然2019-4,01:22
05,万象2019-4,02:16
05,时代2019-4,03:11
05,真相2019-4,03:38
05,人文地理2019-4,04:06
05,发现2019-4,04:35
05,特别呈现2019-4 传承 第一季4,05:05
05,时代2019-4,06:04
05,真相2019-4,06:33
05,自然2019-4,07:04
05,万象2019-4,07:59
05,纪录电影2018-50,08:55
05,自然2018-366,10:25
05,自然2018-367,11:23
05,自然2018-368,12:26
05,自然2018-369,13:26
05,自然2018-370,14:26
05,自然2018-371,15:27
05,自然2018-372,16:26
05,人文地理2019-5,17:30
05,自然2019-5,18:03
05,万象2019-5,19:03
05,特别呈现2019-5 传承 第一季5,20:05
05,寰宇视野2019-5,21:07
05,时代2019-5,22:09
05,真相2019-5,22:42
05,发现2019-5,23:19
05,人文地理2019-5,23:53
06,自然2019-5,01:22
06,万象2019-5,02:16
06,时代2019-5,03:11
06,真相2019-5,03:38
06,人文地理2019-5,04:06
06,发现2019-5,04:35
06,特别呈现2019-5 传承 第一季5,05:05
06,时代2019-5,06:04
06,真相2019-5,06:33
06,自然2019-5,07:04
06,万象2019-5,07:59
06,特别呈现2019-5 传承 第一季5,08:55
06,发现2019-5,09:54
06,万象2018-345,10:24
06,万象2018-346,11:22
06,万象2018-347,12:25
06,万象2018-348,13:25
06,万象2018-349,14:25
06,万象2018-350,15:26
06,寰宇视野2018-236,16:26
06,人文地理2019-6,17:30
06,自然2019-6,18:03
06,万象2019-6,19:03
06,特别呈现2019-6  传承 第一季6,20:05
06,寰宇视野2019-6,21:07
06,纪录电影2019-1,22:09
06,人文地理2019-6,23:49
07,自然2019-6,01:18
07,万象2019-6,02:15
07,时代2019-5,03:09
07,真相2019-5,03:38
07,人文地理2019-6,04:06
07,发现2019-5,04:35
07,特别呈现2019-6  传承 第一季6,05:05
07,时代2019-5,06:04
07,真相2019-5,06:33
07,自然2019-6,07:04
07,万象2019-6,07:59
07,时代2019-5,08:55
07,真相2019-5,09:22
07,特别呈现2019-6  传承 第一季6,09:52
07,寰宇视野2019-6,10:51
07,自然2019-6,11:50
07,万象2019-6,12:54
07,特别呈现2019-6  传承 第一季6,13:53
07,寰宇视野2019-6,14:53
07,特别呈现2019-6  传承 第一季6,15:54
07,发现2019-5,16:54
07,人文地理2019-7,17:30
07,自然2019-7,18:03
07,万象2019-7,19:03
07,特别呈现2019-7,20:05
07,寰宇视野2019-7,21:07
07,时代2019-6,22:09
07,真相2019-6,22:42
07,发现2019-6,23:19
07,人文地理2019-7,23:53
08,自然2019-7,01:22
08,万象2019-7,02:16
08,时代2019-6,03:11
08,真相2019-6,03:38
08,人文地理2019-7,04:06
08,发现2019-6,04:35
08,特别呈现2019-7,05:05
08,时代2019-6,06:04
08,真相2019-6,06:33
08,自然2019-7,07:04
08,万象2019-7,07:59
08,时代2019-6,08:55
08,真相2019-6,09:22
08,特别呈现2019-7,09:52
08,寰宇视野2019-7,10:51
08,自然2019-7,11:50
08,万象2019-7,12:54
08,特别呈现2019-7,13:53
08,寰宇视野2019-7,14:53
08,特别呈现2019-7,15:54
08,发现2019-6,16:54
08,人文地理2019-8,17:30
08,自然2019-8,18:03
08,万象2019-8,19:03
08,特别呈现2019-8,20:05
08,寰宇视野2019-8,21:07
08,时代2019-7,22:09
08,真相2019-7,22:42
08,发现2019-7,23:19
08,人文地理2019-8,23:53
09,自然2019-8,01:22
09,万象2019-8,02:16
09,时代2019-7,03:11
09,真相2019-7,03:38
09,人文地理2019-8,04:06
09,发现2019-7,04:35
09,特别呈现2019-8,05:05
09,时代2019-7,06:04
09,真相2019-7,06:33
09,自然2019-8,07:04
09,万象2019-8,07:59
09,时代2019-7,08:55
09,真相2019-7,09:22
09,特别呈现2019-8,09:52
09,寰宇视野2019-8,10:51
09,自然2019-8,11:50
09,万象2019-8,12:54
09,特别呈现2019-8,13:53
09,寰宇视野2019-8,14:53
09,特别呈现2019-7,15:54
09,发现2019-7,16:54
09,人文地理2019-9,17:30
09,自然2019-9,18:03
09,万象2019-9,19:03
09,特别呈现2019-9,20:05
09,寰宇视野2019-9,21:07
09,时代2019-8,22:09
09,真相2019-8,22:42
09,发现2019-8,23:19
09,人文地理2019-9,23:53
10,自然2019-9,01:22
10,万象2019-9,02:16
10,时代2019-8,03:11
10,真相2019-8,03:38
10,人文地理2019-9,04:06
10,发现2019-8,04:35
10,特别呈现2019-9,05:05
10,时代2019-8,06:04
10,真相2019-8,06:33
10,自然2019-9,07:04
10,万象2019-9,07:59
10,时代2019-8,08:55
10,真相2019-8,09:22
10,特别呈现2019-9,09:52
10,寰宇视野2019-9,10:51
10,自然2019-9,11:50
10,万象2019-9,12:54
10,特别呈现2019-9,13:53
10,寰宇视野2019-9,14:53
10,特别呈现2019-9,15:54
10,发现2019-8,16:54
10,人文地理2019-10,17:30
10,自然2019-10,18:03
10,万象2019-10,19:03
10,特别呈现2019-10,20:05
10,寰宇视野2019-10,21:07
10,时代2019-9,22:09
10,真相2019-9,22:42
10,发现2019-9,23:19
10,人文地理2019-10,23:53
11,自然2019-10,01:22
11,万象2019-10,02:16
11,时代2019-9,03:11
11,真相2019-9,03:38
11,人文地理2019-10,04:06
11,发现2019-9,04:35
11,特别呈现2019-10,05:05
11,时代2019-9,06:04
11,真相2019-9,06:33
11,自然2019-10,07:04
11,万象2019-10,07:59
11,时代2019-9,08:55
11,真相2019-9,09:22
11,特别呈现2019-10,09:52
11,寰宇视野2019-10,10:51
11,自然2019-10,11:50
11,万象2019-10,12:54
11,特别呈现2019-10,13:53
11,寰宇视野2019-10,14:53
11,特别呈现2019-10,15:54
11,发现2019-9,16:54
11,人文地理2019-11,17:30
11,自然2019-11,18:03
11,万象2019-11,19:03
11,特别呈现2019-11,20:05
11,寰宇视野2019-11,21:07
11,时代2019-10,22:09
11,真相2019-10,22:42
11,发现2019-10,23:19
11,人文地理2019-11,23:53
12,自然2019-11,01:22
12,万象2019-11,02:16
12,时代2019-10,03:11
12,真相2019-10,03:38
12,人文地理2019-11,04:06
12,发现2019-10,04:35
12,特别呈现2019-11,05:05
12,时代2019-10,06:04
12,真相2019-10,06:33
12,自然2019-11,07:04
12,万象2019-11,07:59
12,纪录电影2019-1,08:55
12,自然2019-4,10:25
12,万象2019-4,11:23
12,自然2019-5,12:26
12,万象2019-5,13:26
12,自然2019-6,14:26
12,自然2019-11,15:27
12,万象2019-11,16:26
12,人文地理2019-12,17:30
12,自然2019-12,18:03
12,万象2019-12,19:03
12,特别呈现2019-12,20:05
12,寰宇视野2019-12,21:07
12,时代2019-11,22:09
12,真相2019-11,22:42
12,发现2019-11,23:19
12,人文地理2019-12,23:53
13,自然2019-12,01:22
13,万象2019-12,02:16
13,时代2019-11,03:11
13,真相2019-11,03:38
13,人文地理2019-12,04:06
13,发现2019-11,04:35
13,特别呈现2019-12,05:05
13,时代2019-11,06:04
13,真相2019-11,06:33
13,自然2019-12,07:04
13,万象2019-12,07:59
13,特别呈现2019-12,08:55
13,发现2019-11,09:54
13,寰宇视野2019-1,10:24
13,寰宇视野2019-2,11:22
13,寰宇视野2019-3,12:25
13,寰宇视野2019-4,13:25
13,寰宇视野2019-5,14:25
13,寰宇视野2019-6,15:26
13,自然2019-3,16:26
13,人文地理2019-13,17:30
13,自然2019-13,18:03
13,万象2019-13,19:03
13,特别呈现2019-13,20:05
13,寰宇视野2019-13,21:07
13,纪录电影2019-2,22:09
13,人文地理2019-13,23:49
14,自然2019-13,01:18
14,万象2019-13,02:15
14,时代2019-11,03:09
14,真相2019-11,03:38
14,人文地理2019-13,04:06
14,发现2019-11,04:35
14,特别呈现2019-13,05:05
14,时代2019-11,06:04
14,真相2019-11,06:33
14,自然2019-13,07:04
14,万象2019-13,07:59
14,时代2019-11,08:55
14,真相2019-11,09:22
14,特别呈现2019-13,09:52
14,寰宇视野2019-13,10:51
14,自然2019-13,11:50
14,万象2019-13,12:54
14,特别呈现2019-13,13:53
14,寰宇视野2019-13,14:53
14,特别呈现2019-13,15:54
14,发现2019-11,16:54
14,人文地理2019-14,17:30
14,自然2019-14,18:03
14,万象2019-14,19:03
14,特别呈现2019-14 中山国4,20:05
14,寰宇视野2019-14,21:07
14,时代2019-12,22:09
14,真相2019-12,22:42
14,发现2019-12,23:19
14,人文地理2019-14,23:53
15,自然2019-14,01:22
15,万象2019-14,02:16
15,时代2019-12,03:11
15,真相2019-12,03:38
15,人文地理2019-14,04:06
15,发现2019-12,04:35
15,特别呈现2019-14 中山国4,05:05
15,时代2019-12,06:04
15,真相2019-12,06:33
15,自然2019-14,07:04
15,万象2019-14,07:59
15,时代2019-12,08:55
15,真相2019-12,09:22
15,特别呈现2019-14 中山国4,09:52
15,寰宇视野2019-14,10:51
15,自然2019-14,11:50
15,万象2019-14,12:54
15,特别呈现2019-14 中山国4,13:53
15,寰宇视野2019-14,14:53
15,特别呈现2019-14 中山国4,15:54
15,发现2019-12,16:54
15,人文地理2019-15,17:30
15,自然2019-15,18:03
15,万象2019-15,19:03
15,特别呈现2019-15 中山国5,20:05
15,寰宇视野2019-15,21:07
15,时代2019-13,22:09
15,真相2019-13,22:42
15,发现2019-13,23:19
15,人文地理2019-15,23:53
16,自然2019-15,01:22
16,万象2019-15,02:16
16,时代2019-13,03:11
16,真相2019-13,03:38
16,人文地理2019-15,04:06
16,发现2019-13,04:35
16,特别呈现2019-15 中山国5,05:05
16,时代2019-13,06:04
16,真相2019-13,06:33
16,自然2019-15,07:04
16,万象2019-15,07:59
16,时代2019-13,08:55
16,真相2019-13,09:22
16,特别呈现2019-15 中山国5,09:52
16,寰宇视野2019-15,10:51
16,自然2019-15,11:50
16,万象2019-15,12:54
16,特别呈现2019-15 中山国5,13:53
16,寰宇视野2019-15,14:53
16,特别呈现2019-15 中山国5,15:54
16,百灵庙抗日武装暴动 1,16:55
16,人文地理2019-16,17:30
16,自然2019-16,18:03
16,万象2019-16,19:03
16,特别呈现2019-16 中山国6,20:05
16,寰宇视野2019-16,21:07
16,时代2019-14,22:09
16,真相2019-14,22:42
16,发现2019-14,23:19
16,人文地理2019-16,23:53
17,自然2019-16,01:22
17,万象2019-16,02:16
17,时代2019-14,03:11
17,真相2019-14,03:38
17,人文地理2019-16,04:06
17,发现2019-14,04:35
17,特别呈现2019-16 中山国6,05:05
17,时代2019-14,06:04
17,真相2019-14,06:33
17,自然2019-16,07:04
17,万象2019-16,07:59
17,时代2019-14,08:55
17,真相2019-14,09:22
17,特别呈现2019-16 中山国6,09:52
17,寰宇视野2019-16,10:51
17,自然2019-16,11:50
17,万象2019-16,12:54
17,特别呈现2019-16 中山国6,13:53
17,寰宇视野2019-16,14:53
17,特别呈现2019-16 中山国6,15:54
17,百灵庙抗日武装暴动 2,16:55
17,人文地理2019-17,17:30
17,自然2019-17,18:03
17,万象2019-17,19:03
17,特别呈现2019-17 西南联大1,20:05
17,寰宇视野2019-17,21:07
17,时代2019-15,22:09
17,真相2019-15,22:42
17,发现2019-15,23:19
17,人文地理2019-17,23:53
18,自然2019-17,01:22
18,万象2019-17,02:16
18,时代2019-15,03:11
18,真相2019-15,03:38
18,人文地理2019-17,04:06
18,发现2019-15,04:35
18,特别呈现2019-17 西南联大1,05:05
18,时代2019-15,06:04
18,真相2019-15,06:33
18,自然2019-17,07:04
18,万象2019-17,07:59
18,时代2019-15,08:55
18,真相2019-15,09:22
18,特别呈现2019-17 西南联大1,09:52
18,寰宇视野2019-17,10:51
18,自然2019-17,11:50
18,万象2019-17,12:54
18,特别呈现2019-17 西南联大1,13:53
18,寰宇视野2019-17,14:53
18,特别呈现2019-17 西南联大1,15:54
18,百灵庙抗日武装暴动 3,16:55
18,人文地理2019-18,17:30
18,自然2019-18,18:03
18,万象2019-18,19:03
18,特别呈现2019-18 西南联大2,20:05
18,寰宇视野2019-18,21:07
18,时代2019-16,22:09
18,真相2019-16,22:42
18,发现2019-16,23:19
18,人文地理2019-18,23:53
19,自然2019-18,01:22
19,万象2019-18,02:16
19,时代2019-16,03:11
19,真相2019-16,03:38
19,人文地理2019-18,04:06
19,发现2019-16,04:35
19,特别呈现2019-18 西南联大2,05:05
19,时代2019-16,06:04
19,真相2019-16,06:33
19,自然2019-18,07:04
19,万象2019-18,07:59
19,纪录电影2019-2,08:55
19,自然2018-319,10:25
19,自然2018-320,11:23
19,自然2018-321,12:26
19,自然2018-322,13:26
19,自然2018-323,14:26
19,自然2018-324,15:27
19,寰宇视野2019-15,16:26
19,人文地理2019-19,17:30
19,自然2019-19,18:03
19,万象2019-19,19:03
19,特别呈现2019-19 西南联大3,20:05
19,寰宇视野2019-19,21:07
19,时代2019-17,22:09
19,真相2019-17,22:42
19,发现2019-17,23:19
19,人文地理2019-19,23:53
20,自然2019-19,01:22
20,万象2019-19,02:16
20,时代2019-17,03:11
20,真相2019-17,03:38
20,人文地理2019-19,04:06
20,发现2019-17,04:35
20,特别呈现2019-19 西南联大3,05:05
20,时代2019-17,06:04
20,真相2019-17,06:33
20,自然2019-19,07:04
20,万象2019-19,07:59
20,特别呈现2019-19 西南联大3,08:55
20,发现2019-17,09:54
20,寰宇视野2019-16,10:24
20,寰宇视野2019-17,11:22
20,寰宇视野2019-18,12:25
20,寰宇视野2019-19,13:25
20,自然2019-12,14:25
20,万象2019-12,15:26
20,自然2019-13,16:26
20,人文地理2019-20,17:30
20,自然2019-20,18:03
20,万象2019-20,19:03
20,特别呈现2019-20 西南联大4,20:05
20,寰宇视野2019-20,21:07
20,纪录电影2019-3,22:09
20,人文地理2019-20,23:49
21,自然2019-20,01:18
21,万象2019-20,02:15
21,时代2019-17,03:09
21,真相2019-17,03:38
21,人文地理2019-20,04:06
21,发现2019-17,04:35
21,特别呈现2019-20 西南联大4,05:05
21,时代2019-17,06:04
21,真相2019-17,06:33
21,自然2019-20,07:04
21,万象2019-20,07:59
21,时代2019-17,08:55
21,真相2019-17,09:22
21,特别呈现2019-20 西南联大4,09:52
21,寰宇视野2019-20,10:51
21,自然2019-20,11:50
21,万象2019-20,12:54
21,特别呈现2019-20 西南联大4,13:53
21,寰宇视野2019-20,14:53
21,特别呈现2019-20 西南联大4,15:54
21,发现2019-17,16:54
21,人文地理2019-21,17:30
21,自然2019-21,18:03
21,万象2019-21,19:03
21,特别呈现2019-21 西南联大5,20:05
21,寰宇视野2019-21,21:07
21,时代2019-18,22:09
21,真相2019-18,22:42
21,发现2019-18,23:19
21,人文地理2019-21,23:53
22,自然2019-21,01:22
22,万象2019-21,02:16
22,时代2019-18,03:11
22,真相2019-18,03:38
22,人文地理2019-21,04:06
22,发现2019-18,04:35
22,特别呈现2019-21 西南联大5,05:05
22,时代2019-18,06:04
22,真相2019-18,06:33
22,自然2019-21,07:04
22,万象2019-21,07:59
22,时代2019-18,08:55
22,真相2019-18,09:22
22,特别呈现2019-21 西南联大5,09:52
22,寰宇视野2019-21,10:51
22,自然2019-21,11:50
22,万象2019-21,12:54
22,特别呈现2019-21 西南联大5,13:53
22,寰宇视野2019-21,14:53
22,特别呈现2019-21 西南联大5,15:54
22,发现2019-18,16:54
22,人文地理2019-22,17:30
22,自然2019-22,18:03
22,万象2019-22,19:03
22,特别呈现2019-22 景德镇1,20:05
22,寰宇视野2019-22,21:07
22,时代2019-19,22:09
22,真相2019-19,22:42
22,发现2019-19,23:19
22,人文地理2019-22,23:53
23,自然2019-22,01:22
23,万象2019-22,02:16
23,时代2019-19,03:11
23,真相2019-19,03:38
23,人文地理2019-22,04:06
23,发现2019-19,04:35
23,特别呈现2019-22 景德镇1,05:05
23,时代2019-19,06:04
23,真相2019-19,06:33
23,自然2019-22,07:04
23,万象2019-22,07:59
23,时代2019-19,08:55
23,真相2019-19,09:22
23,特别呈现2019-22 景德镇1,09:52
23,寰宇视野2019-22,10:51
23,自然2019-22,11:50
23,万象2019-22,12:54
23,特别呈现2019-22 景德镇1,13:53
23,寰宇视野2019-22,14:53
23,特别呈现2019-22 景德镇1,15:54
23,发现2019-19,16:54
23,人文地理2019-23,17:30
23,自然2019-23,18:03
23,万象2019-23,19:03
23,特别呈现2019-23 景德镇2,20:05
23,寰宇视野2019-23,21:07
23,时代2019-20,22:09
23,真相2019-20,22:42
23,发现2019-20,23:19
23,人文地理2019-23,23:53
24,自然2019-23,01:22
24,万象2019-23,02:16
24,时代2019-20,03:11
24,真相2019-20,03:38
24,人文地理2019-23,04:06
24,发现2019-20,04:35
24,特别呈现2019-23 景德镇2,05:05
24,时代2019-20,06:04
24,真相2019-20,06:33
24,自然2019-23,07:04
24,万象2019-23,07:59
24,时代2019-20,08:55
24,真相2019-20,09:22
24,特别呈现2019-23 景德镇2,09:52
24,寰宇视野2019-23,10:51
24,自然2019-23,11:50
24,万象2019-23,12:54
24,特别呈现2019-23 景德镇2,13:53
24,寰宇视野2019-23,14:53
24,特别呈现2019-23 景德镇2,15:54
24,发现2019-20,16:54
24,人文地理2019-24,17:30
24,自然2019-24,18:03
24,万象2019-24,19:03
24,特别呈现2019-24 景德镇3,20:05
24,寰宇视野2019-24,21:07
24,时代2019-21,22:09
24,真相2019-21,22:42
24,发现2019-21,23:19
24,人文地理2019-24,23:53
25,自然2019-24,01:22
25,万象2019-24,02:16
25,时代2019-21,03:11
25,真相2019-21,03:38
25,人文地理2019-24,04:06
25,发现2019-21,04:35
25,特别呈现2019-24 景德镇3,05:05
25,时代2019-21,06:04
25,真相2019-21,06:33
25,自然2019-24,07:04
25,万象2019-24,07:59
25,时代2019-21,08:55
25,真相2019-21,09:22
25,特别呈现2019-24 景德镇3,09:52
25,寰宇视野2019-24,10:51
25,自然2019-24,11:50
25,万象2019-24,12:54
25,特别呈现2019-24 景德镇3,13:53
25,寰宇视野2019-24,14:53
25,特别呈现2019-24 景德镇3,15:54
25,发现2019-21,16:54
25,人文地理2019-25,17:30
25,自然2019-25,18:03
25,万象2019-25,19:03
25,特别呈现2019-25 景德镇4,20:05
25,寰宇视野2019-25,21:07
25,时代2019-22,22:09
25,真相2019-22,22:42
25,发现2019-22,23:19
25,人文地理2019-25,23:53
26,自然2019-25,01:22
26,万象2019-25,02:16
26,时代2019-22,03:11
26,真相2019-22,03:38
26,人文地理2019-25,04:06
26,发现2019-22,04:35
26,特别呈现2019-25 景德镇4,05:05
26,时代2019-22,06:04
26,真相2019-22,06:33
26,自然2019-25,07:04
26,万象2019-25,07:59
26,纪录电影2019-3,08:55
26,自然2019-21,10:25
26,万象2019-21,11:23
26,自然2019-22,12:26
26,万象2019-22,13:26
26,自然2019-23,14:26
26,万象2019-23,15:27
26,寰宇视野2019-20,16:26
26,人文地理2019-26,17:30
26,自然2019-26,18:03
26,万象2019-26,19:03
26,特别呈现2019-26 邂逅1,20:05
26,寰宇视野2019-26,21:07
26,时代2019-23,22:09
26,真相2019-23,22:42
26,发现2019-23,23:19
26,人文地理2019-26,23:53
27,自然2019-26,01:22
27,万象2019-26,02:16
27,时代2019-23,03:11
27,真相2019-23,03:38
27,人文地理2019-26,04:06
27,发现2019-23,04:35
27,特别呈现2019-26 邂逅1,05:05
27,时代2019-23,06:04
27,真相2019-23,06:33
27,自然2019-26,07:04
27,万象2019-26,07:59
27,特别呈现2019-26 邂逅1,08:55
27,发现2019-23,09:54
27,自然2019-14,10:24
27,万象2019-14,11:22
27,自然2019-15,12:25
27,万象2019-15,13:25
27,自然2019-16,14:25
27,万象2019-16,15:26
27,寰宇视野2019-22,16:26
27,人文地理2019-27,17:30
27,自然2019-27,18:03
27,万象2019-27,19:03
27,特别呈现2019-27 邂逅2,20:05
27,寰宇视野2019-27,21:07
27,纪录电影2019-4,22:09
27,人文地理2019-27,23:49
